<?xml version="1.0" encoding="UTF-8"?>
<project-private xmlns="http://www.netbeans.org/ns/project-private/1">
    <editor-bookmarks xmlns="http://www.netbeans.org/ns/editor-bookmarks/2" lastBookmarkId="0"/>
    <open-files xmlns="http://www.netbeans.org/ns/projectui-open-files/2">
        <group>
            <file>file:/home/roi.castrocalvar/Roi%20Castro/Programacaion/Padel/src/padel/controler/InitMenuController.java</file>
            <file>file:/home/roi.castrocalvar/Roi%20Castro/Programacaion/Padel/src/padel/controler/InitMenuView.java</file>
            <file>file:/home/roi.castrocalvar/Roi%20Castro/Programacaion/Padel/src/padel/model/Player.java</file>
            <file>file:/home/roi.castrocalvar/Roi%20Castro/Programacaion/Padel/src/padel/db/PlayerDB.java</file>
        </group>
    </open-files>
</project-private>
